Workbook
Name Artikelbezeichnung: Artikel!$B$2:$B$51
Name Preis: Artikel!$D$2:$D$51

Sheet Uebersicht
A1: Excel-Advanced + VBA · Knoff-Hoff GmbH
A2: Arbeitsmappe Teilnehmende · 2-Tage-Schulung · sobek innovations
A4: Ihre Arbeitsmappe fuer beide Tage. Jedes Set hat ein eigenes Blatt mit Anleitung und gelb markierten, leeren Antwortzellen. Die Datenblaetter (Artikel, Bestellungen, Umsatz, Tickets, Rohdaten) wachsen über die Sets mit – der rote Faden.
A6: Set | B6: Thema | C6: Zeitfenster | D6: Funktionen / Technik | E6: Datenblatt
A7: 1 | B7: Verweisfunktionen | C7: Tag 1 - Vormittag | D7: SVERWEIS -> XVERWEIS -> INDEX/VERGLEICH | E7: Bestellungen, Artikel
A8: 2 | B8: Verschachtelte & bedingte Funktionen | C8: Tag 1 - Vormittag | D8: WENNS, SUMMEWENNS, ZAEHLENWENNS | E8: Umsatz
A9: 3 | B9: Benannte Bereiche & intelligente Tabellen | C9: Tag 1 - Vormittag | D9: Namen, Strg+T | E9: Artikel, Bestellungen
A10: 4 | B10: Pivot-Tabellen | C10: Tag 1 - Nachmittag | D10: Aufbau, Gruppieren, Kennzahlen | E10: Umsatz
A11: 5 | B11: Bedingte Formatierung & Datenvalidierung | C11: Tag 1 - Nachmittag | D11: Sichtbar machen, absichern | E11: Tickets
A12: 6 | B12: Mini-Dashboard (Puffer) | C12: Tag 1 - Nachmittag | D12: Pivot + Diagramm + Slicer | E12: Umsatz, Bestellungen
A13: 7 | B13: Makro-Recorder & Objektmodell | C13: Tag 2 - Vormittag | D13: Aufzeichnen, Lesen, Aufraeumen | E13: Rohdaten
A14: 8 | B14: Variablen & Datentypen | C14: Tag 2 - Vormittag | D14: Dim, Typen, Option Explicit | E14: Bestellungen
A15: 9 | B15: Kontrollstrukturen | C15: Tag 2 - Nachmittag | D15: If/ElseIf, For, Do While | E15: Bestellungen
A16: 10 | B16: Prozeduren & Funktionen | C16: Tag 2 - Nachmittag | D16: Function, Sub mit Parameter, UDF | E16: Bestellungen
A17: 11 | B17: Fehlerbehandlung & Debugging | C17: Tag 2 - Nachmittag | D17: F8, Debug.Print, On Error | E17: Bestellungen
A18: 12 | B18: Abschlussprojekt: Report-Generator | C18: Tag 2 - Nachmittag | D18: Alle Bausteine zusammen | E18: Rohdaten
A20: Legende: gelbe Zellen = hier tragen Sie ein. Gruene Zellen (Loesung) = fertige Antwort. Formelnamen erscheinen je nach Excel-Sprache deutsch (SVERWEIS) oder englisch (VLOOKUP) – das ist dieselbe Funktion.

Sheet Artikel
A1: Nr | B1: Bezeichnung | C1: Kategorie | D1: Einzelpreis
A2: 1001 | B2: Kopierpapier A4 | C2: Büromaterial | D2: 16.53 | H2: =SUM(Preis) -> 2863.04
A3: 1002 | B3: Notizblock A5 | C3: Büromaterial | D3: 2.09
A4: 1003 | B4: Kugelschreiber blau | C4: Büromaterial | D4: 7.96
A5: 1004 | B5: Textmarker-Set | C5: Büromaterial | D5: 6.75
A6: 1005 | B6: Aktenordner breit | C6: Büromaterial | D6: 18.81
A7: 1006 | B7: Locher Metall | C7: Büromaterial | D7: 17.4
A8: 1007 | B8: Tacker mittel | C8: Büromaterial | D8: 22.47
A9: 1008 | B9: Heftklammern 24/6 | C9: Büromaterial | D9: 3.54
A10: 1009 | B10: Haftnotizen gelb | C10: Büromaterial | D10: 11.42
A11: 1010 | B11: Briefumschläge C5 | C11: Büromaterial | D11: 2.2
A12: 1011 | B12: Ordnerregister A-Z | C12: Büromaterial | D12: 6.64
A13: 1012 | B13: Radiergummi | C13: Büromaterial | D13: 13.38
A14: 1013 | B14: Bleistift HB | C14: Büromaterial | D14: 2.12
... A51: 1050 | B51: Papiertücher | C51: Reinigung | D51: 7.84

Sheet Bestellungen
A1: Artikelnummer | B1: Menge | C1: Einzelpreis | D1: Bezeichnung (SVERWEIS) | E1: Bezeichnung (XVERWEIS) | F1: Einzelpreis (XVERWEIS) | G1: Gesamt (Menge x Preis)
A2: 1010 | B2: 20 | C2: 2.2 | D2: =VLOOKUP(A2, Artikel!$A$2:$D$51,2) -> Briefumschläge C5 | E2: =_xlfn.XLOOKUP(A2,Artikel!$A$2:$A$500,Artikel!$B$2:$B$500,"nicht gefunden") -> Briefumschläge C5 | F2: =_xlfn.XLOOKUP(A2,Artikel!$A$2:$A$500,Artikel!$D$2:$D$500,"nicht gefunden") -> 2.2
A3: 1041 | B3: 33 | C3: 65.18 | D3: =VLOOKUP(A3, Artikel!$A$2:$D$51,2) -> Multifunktionszange | E3: =_xlfn.XLOOKUP(A3,Artikel!$A$2:$A$500,Artikel!$B$2:$B$500,"nicht gefunden") -> Multifunktionszange | F3: =_xlfn.XLOOKUP(A3,Artikel!$A$2:$A$500,Artikel!$D$2:$D$500,"nicht gefunden") -> 65.18
A4: 1011 | B4: 10 | C4: 6.64 | D4: =VLOOKUP(A4, Artikel!$A$2:$D$51,2) -> Ordnerregister A-Z | E4: =_xlfn.XLOOKUP(A4,Artikel!$A$2:$A$500,Artikel!$B$2:$B$500,"nicht gefunden") -> Ordnerregister A-Z | F4: =_xlfn.XLOOKUP(A4,Artikel!$A$2:$A$500,Artikel!$D$2:$D$500,"nicht gefunden") -> 6.64
A5: 1044 | B5: 11 | C5: 6.63 | D5: =VLOOKUP(A5, Artikel!$A$2:$D$51,2) -> Reinigungstücher | E5: =_xlfn.XLOOKUP(A5,Artikel!$A$2:$A$500,Artikel!$B$2:$B$500,"nicht gefunden") -> Reinigungstücher | F5: =_xlfn.XLOOKUP(A5,Artikel!$A$2:$A$500,Artikel!$D$2:$D$500,"nicht gefunden") -> 6.63
A6: 1028 | B6: 50 | C6: 38.18 | D6: =VLOOKUP(A6, Artikel!$A$2:$D$51,2) -> USB-Hub 4-Port | E6: =_xlfn.XLOOKUP(A6,Artikel!$A$2:$A$500,Artikel!$B$2:$B$500,"nicht gefunden") -> USB-Hub 4-Port | F6: =_xlfn.XLOOKUP(A6,Artikel!$A$2:$A$500,Artikel!$D$2:$D$500,"nicht gefunden") -> 38.18
A7: 1039 | B7: 1 | C7: 78.38 | D7: =VLOOKUP(A7, Artikel!$A$2:$D$51,2) -> Schraubendreher-Set | E7: =_xlfn.XLOOKUP(A7,Artikel!$A$2:$A$500,Artikel!$B$2:$B$500,"nicht gefunden") -> Schraubendreher-Set | F7: =_xlfn.XLOOKUP(A7,Artikel!$A$2:$A$500,Artikel!$D$2:$D$500,"nicht gefunden") -> 78.38
A8: 1005 | B8: 32 | C8: 18.81 | D8: =VLOOKUP(A8, Artikel!$A$2:$D$51,2) -> Aktenordner breit | E8: =_xlfn.XLOOKUP(A8,Artikel!$A$2:$A$500,Artikel!$B$2:$B$500,"nicht gefunden") -> Aktenordner breit | F8: =_xlfn.XLOOKUP(A8,Artikel!$A$2:$A$500,Artikel!$D$2:$D$500,"nicht gefunden") -> 18.81
A9: 1025 | B9: 24 | C9: 306.65 | D9: =VLOOKUP(A9, Artikel!$A$2:$D$51,2) -> Dockingstation | E9: =_xlfn.XLOOKUP(A9,Artikel!$A$2:$A$500,Artikel!$B$2:$B$500,"nicht gefunden") -> Dockingstation | F9: =_xlfn.XLOOKUP(A9,Artikel!$A$2:$A$500,Artikel!$D$2:$D$500,"nicht gefunden") -> 306.65
A10: 1025 | B10: 20 | C10: 306.65 | D10: =VLOOKUP(A10, Artikel!$A$2:$D$51,2) -> Dockingstation | E10: =_xlfn.XLOOKUP(A10,Artikel!$A$2:$A$500,Artikel!$B$2:$B$500,"nicht gefunden") -> Dockingstation | F10: =_xlfn.XLOOKUP(A10,Artikel!$A$2:$A$500,Artikel!$D$2:$D$500,"nicht gefunden") -> 306.65
A11: 1039 | B11: 16 | C11: 78.38 | D11: =VLOOKUP(A11, Artikel!$A$2:$D$51,2) -> Schraubendreher-Set | E11: =_xlfn.XLOOKUP(A11,Artikel!$A$2:$A$500,Artikel!$B$2:$B$500,"nicht gefunden") -> Schraubendreher-Set | F11: =_xlfn.XLOOKUP(A11,Artikel!$A$2:$A$500,Artikel!$D$2:$D$500,"nicht gefunden") -> 78.38
A12: 1030 | B12: 6 | C12: 28.36 | D12: =VLOOKUP(A12, Artikel!$A$2:$D$51,2) -> Versandkarton M | E12: =_xlfn.XLOOKUP(A12,Artikel!$A$2:$A$500,Artikel!$B$2:$B$500,"nicht gefunden") -> Versandkarton M | F12: =_xlfn.XLOOKUP(A12,Artikel!$A$2:$A$500,Artikel!$D$2:$D$500,"nicht gefunden") -> 28.36
A13: 1034 | B13: 32 | C13: 43.87 | D13: =VLOOKUP(A13, Artikel!$A$2:$D$51,2) -> Luftpolsterfolie | E13: =_xlfn.XLOOKUP(A13,Artikel!$A$2:$A$500,Artikel!$B$2:$B$500,"nicht gefunden") -> Luftpolsterfolie | F13: =_xlfn.XLOOKUP(A13,Artikel!$A$2:$A$500,Artikel!$D$2:$D$500,"nicht gefunden") -> 43.87
... A41: 1041 | B41: 30 | C41: 65.18 | D41: =VLOOKUP(A41, Artikel!$A$2:$D$51,2) -> Multifunktionszange | E41: =_xlfn.XLOOKUP(A41,Artikel!$A$2:$A$500,Artikel!$B$2:$B$500,"nicht gefunden") -> Multifunktionszange | F41: =_xlfn.XLOOKUP(A41,Artikel!$A$2:$A$500,Artikel!$D$2:$D$500,"nicht gefunden") -> 65.18

Sheet Umsatz
A1: Kunde | B1: Region | C1: Jahr | D1: Betrag | E1: Datum | F1: Klasse (WENNS)
A2: Becker Logistik | B2: Ost | C2: 2023 | D2: 1036.45 | E2: 45128 | F2: {=_xlfn.IFS(D2 >=5000, "A Kunde", D2 >= 10000, "B Kunde", TRUE, "C Kunde")} -> C Kunde
A3: Huber GmbH | B3: Ost | C3: 2023 | D3: 3631.46 | E3: 45150 | F3: {=_xlfn.IFS(D3 >=5000, "A Kunde", D3 >= 10000, "B Kunde", TRUE, "C Kunde")} -> C Kunde
A4: Braun Handel | B4: Ost | C4: 2025 | D4: 2134.52 | E4: 45845 | F4: {=_xlfn.IFS(D4 >=5000, "A Kunde", D4 >= 10000, "B Kunde", TRUE, "C Kunde")} -> C Kunde
A5: Neumann KG | B5: Süd | C5: 2024 | D5: 6584.27 | E5: 45497 | F5: {=_xlfn.IFS(D5 >=5000, "A Kunde", D5 >= 10000, "B Kunde", TRUE, "C Kunde")} -> A Kunde
A6: Hoffmann GmbH | B6: Nord | C6: 2025 | D6: 11350.71 | E6: 45834 | F6: {=_xlfn.IFS(D6 >=5000, "A Kunde", D6 >= 10000, "B Kunde", TRUE, "C Kunde")} -> A Kunde
A7: Engel GmbH | B7: Süd | C7: 2023 | D7: 898.12 | E7: 45127 | F7: {=_xlfn.IFS(D7 >=5000, "A Kunde", D7 >= 10000, "B Kunde", TRUE, "C Kunde")} -> C Kunde
A8: Haas & Partner | B8: Süd | C8: 2023 | D8: 13572.15 | E8: 44957 | F8: {=_xlfn.IFS(D8 >=5000, "A Kunde", D8 >= 10000, "B Kunde", TRUE, "C Kunde")} -> A Kunde
A9: Lange & Söhne | B9: Nord | C9: 2023 | D9: 5808.51 | E9: 45267 | F9: {=_xlfn.IFS(D9 >=5000, "A Kunde", D9 >= 10000, "B Kunde", TRUE, "C Kunde")} -> A Kunde
A10: Franke KG | B10: Ost | C10: 2024 | D10: 12132.18 | E10: 45364 | F10: {=_xlfn.IFS(D10 >=5000, "A Kunde", D10 >= 10000, "B Kunde", TRUE, "C Kunde")} -> A Kunde
A11: Becker Logistik | B11: Ost | C11: 2023 | D11: 5429.83 | E11: 45264 | F11: {=_xlfn.IFS(D11 >=5000, "A Kunde", D11 >= 10000, "B Kunde", TRUE, "C Kunde")} -> A Kunde
A12: Frank Industrie | B12: West | C12: 2024 | D12: 12985.95 | E12: 45470 | F12: {=_xlfn.IFS(D12 >=5000, "A Kunde", D12 >= 10000, "B Kunde", TRUE, "C Kunde")} -> A Kunde
A13: Baumann Vertrieb | B13: Süd | C13: 2024 | D13: 6037.5 | E13: 45511 | F13: {=_xlfn.IFS(D13 >=5000, "A Kunde", D13 >= 10000, "B Kunde", TRUE, "C Kunde")} -> A Kunde
... A497: Werner Solutions | B497: Ost | C497: 2025 | D497: 3161.07 | E497: 45840 | F497: {=_xlfn.IFS(D497 >=5000, "A Kunde", D497 >= 10000, "B Kunde", TRUE, "C Kunde")} -> C Kunde
A498: Albrecht GmbH | B498: West | C498: 2023 | D498: 6182.62 | E498: 07.08.2024 | F498: {=_xlfn.IFS(D498 >=5000, "A Kunde", D498 >= 10000, "B Kunde", TRUE, "C Kunde")} -> A Kunde
A499: Albrecht GmbH | B499: West | C499: 2024 | D499: 1892.4 | E499: 45336 | F499: {=_xlfn.IFS(D499 >=5000, "A Kunde", D499 >= 10000, "B Kunde", TRUE, "C Kunde")} -> C Kunde
A500: Hoffmann GmbH | B500: Nord | C500: 2025 | D500: 2582.66 | E500: 45852 | F500: {=_xlfn.IFS(D500 >=5000, "A Kunde", D500 >= 10000, "B Kunde", TRUE, "C Kunde")} -> C Kunde
A501: Lorenz GmbH | B501: Süd | C501: 2023 | D501: 11385.08 | E501: 45106 | F501: {=_xlfn.IFS(D501 >=5000, "A Kunde", D501 >= 10000, "B Kunde", TRUE, "C Kunde")} -> A Kunde
A502: Maier Elektro | B502: Süd | C502: 2024 | D502: 9991.66 | E502: 45638 | F502: {=_xlfn.IFS(D502 >=5000, "A Kunde", D502 >= 10000, "B Kunde", TRUE, "C Kunde")} -> A Kunde
A503: Engel GmbH | B503: Süd | C503: 2024 | D503: 12500.38 | E503: 45521 | F503: {=_xlfn.IFS(D503 >=5000, "A Kunde", D503 >= 10000, "B Kunde", TRUE, "C Kunde")} -> A Kunde
A504: Wolf Technik | B504: Ost | C504: 2023 | D504: 11153.01 | E504: 45283 | F504: {=_xlfn.IFS(D504 >=5000, "A Kunde", D504 >= 10000, "B Kunde", TRUE, "C Kunde")} -> A Kunde
A505: Winkler Technik | B505: West | C505: 2024 | D505: 1874.8 | E505: 45386
A506: Braun Handel | B506: Ost | C506: 2023 | D506: 3466.96 | E506: 45211
A507: Albrecht GmbH | B507: West | C507: 2023 | D507: 5180.37 | E507: 44980
A508: Thomas KG | B508: West | C508: 2025 | D508: 6650.2 | E508: 45682
A509: Engel GmbH | B509: Süd | C509: 2023 | D509: 8644.89 | E509: 45192
A510: Wagner Bürobedarf | B510: Süd | C510: 2023 | D510: 4468.21 | E510: 45061
A511: Franke KG | B511: Ost | C511: 2025 | D511: 5868.97 | E511: 46003
A512: Roth Handels KG | B512: Süd | C512: 2023 | D512: 1929.51 | E512: 45078
A513: Maier Elektro | B513: Süd | C513: 2023 | D513: 6409.65 | E513: 45078
A514: Sommer Handel | B514: Ost | C514: 2024 | D514: 1971.02 | E514: 45632
A515: Engel GmbH | B515: Süd | C515: 2024 | D515: 10795.39 | E515: 45299
A516: Richter GmbH | B516: West | C516: 2025 | D516: 7139.52 | E516: 45813
... A2001: Weber Handels AG | B2001: Süd | C2001: 2023 | D2001: 9099.08 | E2001: 45037

Sheet Tickets
A1: Nr | B1: Titel | C1: Bearbeiter | D1: Status | E1: Menge
A2: 1 | B2: Angebot anfordern | C2: B. Koch | D2: in Arbeit | E2: 258
A3: 2 | B3: Mausklick reagiert nicht | C3: E. Sommer | D3: in Arbeit | E3: 45
A4: 3 | B4: Passwort zurücksetzen | C4: A. Weber | D4: erledigt | E4: 181
A5: 4 | B5: Software-Update | C5: A. Weber | D5: in Arbeit | E5: 528
A6: 5 | B6: Passwort zurücksetzen | C6: A. Weber | D6: offfen | E6: 739
A7: 6 | B7: Lizenz verlängern | C7: E. Sommer | D7: erledigt | E7: 334
A8: 7 | B8: Backup wiederherstellen | C8: B. Koch | D8: erledigt | E8: 694
A9: 8 | B9: Mausklick reagiert nicht | C9: B. Koch | D9: offen | E9: 334
A10: 9 | B10: Zugriff beantragen | C10: A. Weber | D10: offen | E10: 756
A11: 10 | B11: Backup wiederherstellen | C11: B. Koch | D11: in Arbeit | E11: 913
A12: 11 | B12: Zugriff beantragen | C12: A. Weber | D12: in Arbeit | E12: 600
A13: 12 | B13: Telefon stumm | D13: in Arbeit | E13: 149
A14: 13 | B14: Monitor defekt | C14: E. Sommer | D14: in Arbeit | E14: 183
A15: 14 | B15: E-Mail kommt nicht an | C15: C. Lange | D15: offen | E15: 469
A16: 15 | B16: Monitor defekt | C16: C. Lange | D16: in Arbeit | E16: 208
A17: 16 | B17: Mausklick reagiert nicht | C17: B. Koch | D17: offen | E17: 709
A18: 17 | B18: Bestellung stornieren | C18: A. Weber | D18: in Arbeit | E18: 140
A19: 18 | B19: Passwort zurücksetzen | C19: D. Roth | D19: in Arbeit | E19: 429
A20: 19 | B20: Software-Update | C20: C. Lange | D20: offen | E20: 908
A21: 20 | B21: Angebot anfordern | C21: E. Sommer | D21: offen | E21: 809
A22: 21 | B22: Schulung buchen | C22: B. Koch | D22: erledigt | E22: 994
A23: 22 | B23: Konto gesperrt | C23: B. Koch | D23: offen | E23: 422
A24: 23 | B24: Datei beschädigt | C24: D. Roth | D24: offfen | E24: 606
A25: 24 | B25: Telefon stumm | C25: D. Roth | D25: in Arbeit | E25: 15
... A31: 30 | B31: Datei beschädigt | C31: D. Roth | D31: in Arbeit | E31: 830

Sheet Rohdaten
A1: Datum | B1: Kunde | C1: Region | D1: Betrag
A2: 46254 | B2: Schulz & Partner | C2: Süd | D2: 8000.27
A3: 46308 | B3: Wagner Bürobedarf | C3: Süd | D3: 12086.3
A4: 46134 | B4: Roth Handels KG | C4: Süd | D4: 2253.49
A5: 46145 | B5: Lehmann KG | C5: Ost | D5: 10415.1
A6: 46031 | B6: Wagner Bürobedarf | C6: Süd | D6: 7754.56
A7: 46105 | B7: Schäfer Handel | C7: Nord | D7: 11297.38
A8: 46321 | B8: Thomas KG | C8: West | D8: 536.95
A9: 46260 | B9: Baumann Vertrieb | C9: Süd | D9: 12383.58
A10: 46117 | B10: Berger GmbH | C10: West | D10: 12669.26
A11: 46343 | B11: Vogel Logistik | C11: West | D11: 7509.09
A12: 46344 | B12: Müller GmbH | C12: Ost | D12: 1270.57
A13: 46294 | B13: Huber GmbH | C13: Ost | D13: 668.52
... A89: 46194 | B89: Sommer Handel | C89: Ost | D89: 1197.94
A90: 46215 | B90: Otto Bürobedarf | C90: Nord | D90: fehlt
A91: 46350 | B91: Roth Handels KG | C91: Süd | D91: 14643.41
A92: 46112 | B92: Roth Handels KG | C92: Süd | D92: 8959.65
A93: 46093 | B93: Thomas KG | C93: West | D93: 3308.23
A94: 46171 | B94: Frank Industrie | C94: West | D94: 8928.79
A95: 46177 | B95: Weber Handels AG | C95: Süd | D95: 13378.18
A96: 46275 | B96: Schäfer Handel | C96: Nord | D96: 9014.6
A97: 46137 | B97: Baumann Vertrieb | C97: Süd | D97: 575.41
A98: 46101 | B98: Müller GmbH | C98: Ost | D98: 4313.43
A99: 46086 | B99: Franke KG | C99: Ost | D99: 10512.94
A100: 46236 | B100: Lehmann KG | C100: Ost | D100: 2993.05
A101: 46037 | B101: Lange & Söhne | C101: Nord | D101: 2041.77
A102: 46275 | B102: Krause GmbH | C102: West | D102: 15910.18
... A151: 46293 | B151: Müller GmbH | C151: Ost | D151: 3589.42

Sheet Set 01
A1: Set 1 · Verweisfunktionen
A2: Tag 1 - Vormittag · SVERWEIS -> XVERWEIS -> INDEX/VERGLEICH · Datenblatt: Bestellungen, Artikel
A4: Anleitung
A5: 1A Preis zur Artikelnummer (gemeinsam)
A6: Ziel: Einen kompletten SVERWEIS Argument fuer Argument aufbauen.
A7: • Blatt Bestellungen, Spalte D: Bezeichnung zur Artikelnummer per SVERWEIS holen.
A8: • Matrix mit F4 absolut fixieren ($) - sonst ab Zeile ~20 #NV.
A9: • Letztes Argument FALSCH erzwingt die exakte Suche.
A10: 1B Bestellliste anreichern (solo/paar)
A11: Ziel: Den Weg eigenstaendig wiederholen und auf XVERWEIS uebertragen.
A12: • Spalten E/F im Blatt Bestellungen: Bezeichnung und Preis per XVERWEIS, mit Auffangwert 'nicht gefunden'.
A13: • Erfundene Artikelnummer eintippen: Wie reagiert SVERWEIS, wie XVERWEIS?
... A21: Antwortbereich 1C – Linksverweis
A22: Bezeichnung (Suchwert) | C22: Artikelnr (INDEX/VERGLEICH) | E22: Artikelnr (XVERWEIS)
A23: Kopierpapier A4 | C23: =INDEX(Artikel!$A$2:$A$51,MATCH($A$23,Artikel!$B$2:$B$51,0)) -> 1001 | E23: =_xlfn.XLOOKUP($A$23,Artikel!$B$2:$B$51,Artikel!$A$2:$A$51,"nicht gefunden",0) -> 1001
A25: Fertig, wenn: jede Bestellzeile zeigt Bezeichnung und Preis ohne #NV; SVERWEIS und XVERWEIS stehen nebeneinander.

Sheet Set 02
A1: Set 2 · Verschachtelte & bedingte Funktionen
A2: Tag 1 - Vormittag · WENNS, SUMMEWENNS, ZAEHLENWENNS · Datenblatt: Umsatz
A4: Anleitung
A5: 2A A-, B- oder C-Kunde? (gemeinsam)
A6: Ziel: WENNS-Klassifizierung - Bedingungen von gross nach klein.
A7: • Blatt Umsatz, Spalte F (Klasse): ab 10.000 A, ab 5.000 B, sonst C.
A8: • WENNS nimmt den ersten Treffer - darum zuerst die groesste Schwelle, WAHR als Auffangnetz.
A9: 2B Umsaetze verdichten (solo/paar)
A10: Ziel: Auswertungsecke mit Mehrfachkriterien, ueber eine Eingabezelle gesteuert.
A11: • Region in die Eingabezelle unten - SUMMEWENNS Umsatz 2025 und ZAEHLENWENNS A-Kunden rechnen neu.
A12: • Bei SUMMEWENNS kommt der Summenbereich zuerst.
A13: 2C Joker & Mittelwerte (bonus)
... A19: Antwortbereich 2B / 2C – interaktive Auswertung
A20: Eingabe Region: | B20: Süd
A21: Umsatz Region 2025 (SUMMEWENNS) | E21: =SUMIFS(Umsatz!$D$2:$D$2001,Umsatz!$B$2:$B$2001,'Set 02'!A31,Umsatz!$C$2:$C$2001,2025) -> 1555579.1
A22: Anzahl A-Kunden in Region (ZAEHLENWENNS)
A23: Mittelwert A-Kunden gesamt (MITTELWERTWENNS)
A24: Anzahl Kunden mit "M*" (ZAEHLENWENN)
A25: Umsatz ausserhalb Süd (SUMMEWENNS)
A27: Fertig, wenn: ein Wechsel der Region in B aktualisiert alle Ergebnisse.
A31: Süd

Sheet Set 03
A1: Set 3 · Benannte Bereiche & intelligente Tabellen
A2: Tag 1 - Vormittag · Namen, Strg+T · Datenblatt: Artikel, Bestellungen
A4: Anleitung
A5: 3A Formeln, die man lesen kann (gemeinsam)
A6: Ziel: Einen Bereich benennen und eine Formel damit lesbar machen.
A7: • Preisspalte (Artikel, Spalte D) markieren -> Namensfeld -> Name 'Preis'.
A8: • Namensmanager mit Strg+F3 oeffnen. Regel: keine Leerzeichen, nicht mit Zahl beginnen.
A9: • =SUMME(Preis) schreiben (siehe Antwortbereich).
A10: 3B Aufraeumen & mitwachsen (solo/paar)
A11: Ziel: Verweise mit Namen schreiben und die Bestellliste in eine Tabelle wandeln.
A12: • Im Blatt Artikel 'ArtNr' und 'Bezeichnung' benennen.
A13: • XVERWEIS aus 1B mit Namen neu schreiben: =XVERWEIS(A2;ArtNr;Bezeichnung;"nicht gefunden").
... A26: Fertig, wenn: =SUMME(Preis) rechnet, der XVERWEIS nutzt Namen, das Dropdown waechst mit (Loesung: tblBestellungen + Namen sind gesetzt).

Sheet Set 04
A1: Set 4 · Pivot-Tabellen
A2: Tag 1 - Nachmittag · Aufbau, Gruppieren, Kennzahlen · Datenblatt: Umsatz
A4: Anleitung
A5: 4A Erste Pivot - Umsatz je Region (gemeinsam)
A6: Ziel: Von 2000 Rohzeilen zu einer Vier-Zeilen-Auswertung.
A7: • Cursor in die Umsatz-Daten -> Einfuegen -> PivotTable.
A8: • Region in Zeilen, Betrag in Werte (steht auto auf Summe). Doppelklick = Drilldown.
A9: • Vier Zonen merken: Filter, Spalten, Zeilen, Werte.
A10: 4B Quartale, Mittelwerte, zweite Ebene (solo/paar)
A11: Ziel: Eigene Pivot mit Gruppierung und zweiter Zeilenebene.
A12: • Datum in Spalten -> Rechtsklick -> Gruppieren -> Quartale. Kunde als 2. Ebene unter Region.
A13: • Wertfeldeinstellungen -> Mittelwert, Zahlenformat dort (nicht die Zellen direkt).
... A23: Erwartetes Ergebnis 4A (Kontrolle) – Umsatz je Region, alle Jahre
A24: Region | B24: Summe Betrag
A25: Nord
A26: Ost
A27: Süd
A28: West
A30: Fertig, wenn: die Pivot zeigt vier Regionen, Quartale stehen in den Spalten, der Drilldown wurde gezeigt.

Sheet Set 05
A1: Set 5 · Bedingte Formatierung & Datenvalidierung
A2: Tag 1 - Nachmittag · Sichtbar machen, absichern · Datenblatt: Tickets
A4: Anleitung
A5: 5A Rot, wenn offen (gemeinsam)
A6: Ziel: Von der einzelnen Zelle zur ganzen Zeile per Formelregel.
A7: • Blatt Tickets, Bereich ab Zeile 2 markieren -> Bedingte Formatierung -> Neue Regel -> Formel.
A8: • Formel =$D2="offen", Format rot. Gemischter Bezug: $D2 fixiert die Spalte, nicht die Zeile.
A9: • Geplanter Fehler: $D$2 statt $D2 -> alle Zeilen reagieren auf Zeile 2.
A10: 5B Eingaben absichern (solo/paar)
A11: Ziel: Dropdown, Mengen-Grenze und eigene Fehlermeldung.
A12: • Statusspalte -> Datenpruefung -> Liste: offen;in Arbeit;erledigt.
A13: • Mengenspalte -> Ganze Zahl zwischen 1 und 999 + eigene Fehlermeldung.
... A22: Fertig, wenn: offene Tickets sind als ganze Zeile rot, der Status ist ein Dropdown, die Menge ist 1-999 begrenzt, Top-3-Mengen sind hervorgehoben.

Sheet Set 06
A1: Set 6 · Mini-Dashboard (Puffer)
A2: Tag 1 - Nachmittag · Pivot + Diagramm + Slicer · Datenblatt: Umsatz, Bestellungen
A4: Anleitung
A5: 6A Pivot-Diagramm in 5 Minuten (gemeinsam)
A6: Ziel: Aus der Pivot von Set 4 ein mitfilterndes Diagramm machen.
A7: • Pivot anklicken -> PivotTable-Analyse -> PivotChart -> Saeulen.
A8: • Ueber den Slicer aus 4C filtern - das Diagramm folgt automatisch. Gitternetz aus, klarer Titel.
A9: 6B Ein Klick steuert alles (solo/paar)
A10: Ziel: Zwei Pivots, ein Slicer - die Grundmechanik jedes Dashboards.
A11: • Auf neuem Blatt 'Dashboard' eine zweite Pivot (z. B. Anzahl Bestellungen je Kunde).
A12: • Rechtsklick auf den Region-Slicer -> Berichtsverbindungen -> beide Pivots anhaken.
A13: • Diagramm, Pivots und Slicer anordnen, Gitternetzlinien ausblenden.
... A17: Fertig, wenn: ein Slicer-Klick steuert Diagramm und beide Pivots gemeinsam auf einem Dashboard-Blatt.

Sheet Set 07
A1: Set 7 · Makro-Recorder & Objektmodell
A2: Tag 2 - Vormittag · Aufzeichnen, Lesen, Aufraeumen · Datenblatt: Rohdaten
A4: Anleitung
A5: 7A Excel schreibt den Code (gemeinsam)
A6: Ziel: Makro aufzeichnen, Code lesen, eine Zeile aendern.
A7: • Entwicklertools -> Makro aufzeichnen ('KopfFormatieren'): Kopfzeile markieren, fett, blau, weiss. Stoppen.
A8: • Alt+F11: jede Zeile dem Objektmodell zuordnen - Range (Objekt), .Font.Bold (Eigenschaft), .Select (Methode).
A9: • Eine Farbe auf vbYellow aendern, mit F5 pruefen.
A10: 7B Recorder-Code aufraeumen (solo/paar)
A11: Ziel: Geschwaetzigen Code zu einem kurzen Makro ohne Select machen.
A12: • Range(...).Select + Selection.X wird je eine Zeile. With buendelt Eigenschaften desselben Bereichs.
A13: • Zielcode siehe unten - vollstaendig in vba/Modul07_Recorder.bas.
... A31: Fertig, wenn: das Modul ist importiert, das Makro laeuft per F5 und liefert das erwartete Ergebnis.

Sheet Set 08
A1: Set 8 · Variablen & Datentypen
A2: Tag 2 - Vormittag · Dim, Typen, Option Explicit · Datenblatt: Bestellungen
A4: Anleitung
A5: 8A Die erste Variable (gemeinsam)
A6: Ziel: Mini-Makro mit Variable, Zuweisung und MsgBox - von Hand.
A7: • Neues Modul, oben Option Explicit. Dim name As String, aus A1 lesen, MsgBox "Hallo " & name.
A8: • Geplanter Tippfehler 'nmae' -> Compilerfehler. Option Explicit dauerhaft aktivieren.
A9: 8B Typisiert rechnen (solo/paar)
A10: Ziel: Korrekt typisierte Variablen: Menge=Long, Preise=Double.
A11: • Menge*Einzelpreis berechnen und nach D2 schreiben. Code siehe unten / vba/Modul08_Variablen.bas.
A12: • Achtung: Dim a, b As Double macht a zum Variant - jede Variable einzeln deklarieren.
A13: 8C Eingabe vom Nutzer (bonus)
... A19: Arbeitsdaten (Menge / Einzelpreis ab Zeile 2)
A20: Menge | B20: Einzelpreis | C20: Gesamt | D20: Klasse
A21: 20 | B21: 2.2
A22: 33 | B22: 65.18
A23: 10 | B23: 6.64
A24: 250 | B24: 48.9
A25: 5 | B25: 1200
A27: VBA
A28: Option Explicit
A30: Sub GesamtpreisBerechnen()
A31: Dim menge As Long
A32: Dim einzelpreis As Double
A33: Dim gesamt As Double
A34: menge = Range("B2").Value
A35: einzelpreis = Range("C2").Value
A36: gesamt = menge * einzelpreis
A37: Range("D2").Value = gesamt
A38: MsgBox menge & " Stueck a " & Format(einzelpreis, "0.00") & _
A39: " = " & Format(gesamt, "0.00 EUR")
... A42: Fertig, wenn: das Modul ist importiert, das Makro laeuft per F5 und liefert das erwartete Ergebnis.

Sheet Set 09
A1: Set 9 · Kontrollstrukturen
A2: Tag 2 - Nachmittag · If/ElseIf, For, Do While · Datenblatt: Bestellungen
A4: Anleitung
A5: 9A Wenn-dann in Code (gemeinsam)
A6: Ziel: Die WENNS-Logik aus Set 2 in If/ElseIf uebersetzen, dann in eine Schleife.
A7: • Betrag/Gesamt lesen, per If/ElseIf/Else Klasse A/B/C schreiben.
A8: • Umbau Range("D2") -> Cells(i, 4): i ist die Zeile, 4 die Spalte. For i = 2 To 10 drumherum.
A9: • Mit F8 die Schleife im Einzelschritt beobachten.
A10: 9B Spalte automatisch fuellen (solo/paar)
A11: Ziel: Ganze Spalte berechnen und klassifizieren - mit dynamischem Datenende.
A12: • Do While Cells(r,1).Value <> "" laeuft, bis Spalte A leer ist. Code unten / vba/Modul09_Schleifen.bas.
A13: • Klassiker: r = r + 1 vergessen -> Endlosschleife (Esc). Start bei Zeile 1 -> Kopfzeile verrechnet.
... A20: Arbeitsdaten (Menge / Einzelpreis ab Zeile 2)
A21: Menge | B21: Einzelpreis | C21: Gesamt | D21: Klasse
A22: 20 | B22: 2.2
A23: 33 | B23: 65.18
A24: 10 | B24: 6.64
A25: 250 | B25: 48.9
A26: 5 | B26: 1200
A28: VBA
A29: Sub SpalteFuellen()
A30: Dim r As Long: r = 2
A31: Dim gesamt As Double
A32: Do While Cells(r, 1).Value <> ""
A33: gesamt = Cells(r, 2).Value * Cells(r, 3).Value
A34: Cells(r, 4).Value = gesamt
A35: If gesamt >= 10000 Then
A36: Cells(r, 5).Value = "A"
A37: ElseIf gesamt >= 5000 Then
A38: Cells(r, 5).Value = "B"
A39: Else
... A46: Fertig, wenn: das Modul ist importiert, das Makro laeuft per F5 und liefert das erwartete Ergebnis.

Sheet Set 10
A1: Set 10 · Prozeduren & Funktionen
A2: Tag 2 - Nachmittag · Function, Sub mit Parameter, UDF · Datenblatt: Bestellungen
A4: Anleitung
A5: 10A Die erste eigene Funktion (gemeinsam)
A6: Ziel: Eine Function schreiben und aus Code und aus einer Zelle aufrufen.
A7: • Function MitMwSt(netto As Double) As Double. Rueckgabe ueber den Funktionsnamen.
A8: • Aufruf aus Code MsgBox MitMwSt(100); aus einer Zelle =MitMwSt(C2). UDFs in ein normales Modul!
A9: 10B Bausteine bauen (solo/paar)
A10: Ziel: Wiederholten Code in Funktionen und eine parametrisierte Sub auslagern.
A11: • Function Rabattpreis, Function Klasse, Sub FormatiereKopf(bereich As Range). Code unten / vba/Modul10_Funktionen.bas.
A12: • FormatiereKopf wird vom Report-Generator (Set 12) wiederverwendet.
A14: ➤ Vollstaendiges, importierbares Modul: vba/Modul10_Funktionen.bas (im VBA-Editor: Datei -> Datei importieren).
A16: Arbeitsdaten (Menge / Einzelpreis ab Zeile 2)
A17: Menge | B17: Einzelpreis | C17: Gesamt | D17: Klasse
A18: 20 | B18: 2.2
A19: 33 | B19: 65.18
A20: 10 | B20: 6.64
A21: 250 | B21: 48.9
A22: 5 | B22: 1200
A24: VBA
A25: Function MitMwSt(netto As Double) As Double
A26: MitMwSt = netto * 1.19
A27: End Function
A29: Function Klasse(ByVal gesamt As Double) As String
A30: If gesamt >= 10000 Then
A31: Klasse = "A"
A32: ElseIf gesamt >= 5000 Then
A33: Klasse = "B"
A34: Else
A35: Klasse = "C"
A36: End If
... A47: Fertig, wenn: das Modul ist importiert, das Makro laeuft per F5 und liefert das erwartete Ergebnis.

Sheet Set 11
A1: Set 11 · Fehlerbehandlung & Debugging
A2: Tag 2 - Nachmittag · F8, Debug.Print, On Error · Datenblatt: Bestellungen
A4: Anleitung
A5: 11A Dem Code beim Denken zusehen (gemeinsam)
A6: Ziel: Einen versteckten Logikfehler nur mit Debugging-Werkzeugen finden.
A7: • Haltepunkt (F9), mit F8 schrittweise, Variablen per Hover beobachten. Debug.Print ins Direktfenster (Strg+G).
A8: • Kein Laufzeitfehler bei falschem Ergebnis = Logikfehler. 'Profis lesen Code nicht - sie beobachten ihn.'
A9: 11B Robust machen (solo/paar)
A10: Ziel: Das Makro gegen Laufzeitfehler absichern - mit Kontext (wo & was).
A11: • On Error GoTo Fehler; Exit Sub vor dem Label - sonst meldet es auch bei Erfolg. Code unten / vba/Modul11_Fehler.bas.
A12: 11C Weiterlaufen statt abbrechen (bonus)
A13: Ziel: Fehlerhafte Zeilen ueberspringen, markieren, am Ende berichten.
... A18: Arbeitsdaten (Menge / Einzelpreis ab Zeile 2)
A19: Menge | B19: Einzelpreis | C19: Gesamt | D19: Klasse
A20: 20 | B20: 2.2
A21: 33 | B21: 65.18
A22: 10 | B22: 6.64
A23: 250 | B23: 48.9
A24: 5 | B24: 1200
A26: VBA
A27: Sub SpalteFuellenRobust()
A28: On Error GoTo Fehler
A29: Dim r As Long: r = 2
A30: Do While Cells(r, 1).Value <> ""
A31: Cells(r, 4).Value = Cells(r, 2).Value * Cells(r, 3).Value
A32: r = r + 1
A33: Loop
A34: Exit Sub
A35: Fehler:
A36: MsgBox "Problem in Zeile " & r & ": " & Err.Description, vbExclamation
A37: End Sub
A39: Fertig, wenn: das Modul ist importiert, das Makro laeuft per F5 und liefert das erwartete Ergebnis.

Sheet Set 12
A1: Set 12 · Abschlussprojekt: Report-Generator
A2: Tag 2 - Nachmittag · Alle Bausteine zusammen · Datenblatt: Rohdaten
A4: Anleitung
A5: 12A Das Geruest (gemeinsam)
A6: Ziel: Den Plan als Kommentarzeilen ins leere Makro schreiben - der Plan ist das Geruest.
A7: • Schritte 1-6 als Kommentare. Blatt 'Report' anlegen (alt loeschen via DisplayAlerts=False).
A8: • Kopfzeile mit FormatiereKopf aus Set 10 formatieren - der Wiederverwendungs-Moment.
A9: 12B Der Ausbau - Schritte 3-6 (paar)
A10: Ziel: Zwei Zaehler: Lesezeile (Rohdaten) und Schreibzeile (Report) laufen unterschiedlich schnell.
A11: • Rohdaten durchlaufen, Region 'Sued' uebertragen, Provision (3 %) je Zeile, Betraege >= 10.000 markieren.
A12: • Blattbezug nicht vergessen: Worksheets("Rohdaten").Cells(...). Code unten / vba/Modul12_Report.bas.
A13: 12C Ausbaustufen fuer Schnelle (bonus)
... A49: Fertig, wenn: das Modul ist importiert, das Makro laeuft per F5 und liefert das erwartete Ergebnis.
